<?xml version="1.0" encoding="UTF-8"?>
<lom xmlns="http://ltsc.ieee.org/xsd/LOM" xmlns:xsi="http://www.w3.org/2001/XMLSchema-instance" xsi:schemaLocation="http://ltsc.ieee.org/xsd/LOM lomCustom.xsd"><general uniqueElementName="general"><identifier><catalog uniqueElementName="catalog">My Catalog</catalog><entry uniqueElementName="entry">4a7d755e-34a5-410a-a7d4-601881136623</entry></identifier><title uniqueElementName="title"><string language="es">PRODUCCIÓN y RENTA (REA)</string><string language="en">PRODUCTION and INCOME (ODR)</string></title><language>es</language><language>en</language><description><string language="es">En este REA se ha tratado de sintetizar la información más relevante acerca de los conceptos de PRODUCCIÓN y RENTA, que son las dos caras de la misma "moneda económica", puesto que el valor total de los bienes y servicios producidos u ofrecidos en una economía equivale al total de rentas percibidas por tal nivel de producción.
Con este recurso los/as alumnos/as de 4º ESO de la materia de Economía y Emprendimiento encontrarán información relativa al estudio de la Frontera de Posibilidades de Producción, el Flujo Circular de la Renta y las Desigualdades resultantes del reparto de la misma.</string></description><description><string language="es">REA - PRODUCCIÓN y RENTA</string></description><keyword><string language="es">ECONOMÍA</string></keyword><keyword><string language="es">ECONOMÍA y EMPRENDIMIENTO</string></keyword><keyword><string language="es">4º ESO</string></keyword><keyword><string language="es">PRODUCCIÓN</string></keyword><keyword><string language="es">RENTA</string></keyword><keyword><string language="es">FRONTERA de POSIBILIDADES de PRODUCCIÓN</string></keyword><keyword><string language="es">FLUJO CIRCULAR de la RENTA</string></keyword><keyword><string language="es">DESIGUALDAD ECONÓMICA</string></keyword><aggregationLevel uniqueElementName="aggregationLevel"><source uniqueElementName="source">LOM-ESv1.0</source><value uniqueElementName="value">2</value></aggregationLevel></general><lifeCycle uniqueElementName="lifeCycle"><version uniqueElementName="version"><string language="es">1.0</string></version><contribute><role uniqueElementName="role"><source uniqueElementName="source">LOM-ESv1.0</source><value uniqueElementName="value">author</value></role><entity>BEGIN:VCARD VERSION:3.0 FN: EMAIL;TYPE=INTERNET: ORG:DIRECCIÓN GENERAL FORMACIÓN del PROFESORADO e INNOVACIÓN EDUCATIVA. CONSEJERÍA EDUCACIÓN y DEPORTE. Junta de Andalucía. END:VCARD</entity><date uniqueElementName="date"><dateTime uniqueElementName="dateTime">2025-11-23T11:38:28.00+01:00</dateTime><description><string language="es">Fecha de creación de los metadatos</string></description></date></contribute><contribute><role uniqueElementName="role"><source uniqueElementName="source">LOM-ESv1.0</source><value uniqueElementName="value">author</value></role><entity>BEGIN:VCARD VERSION:3.0 FN:Ana Isabel Barranco EMAIL;TYPE=INTERNET: ORG: END:VCARD</entity><date><dateTime uniqueElementName="dateTime">2025-11-24T11:57:39.00+01:00</dateTime><description><string language="es">Fecha de creación de los metadatos</string></description></date></contribute></lifeCycle><metaMetadata uniqueElementName="metaMetadata"><contribute><role uniqueElementName="role"><source uniqueElementName="source">LOM-ESv1.0</source><value uniqueElementName="value">creator</value></role><entity>BEGIN:VCARD VERSION:3.0 FN:Ana Isabel Barranco EMAIL;TYPE=INTERNET: ORG: END:VCARD</entity><date><dateTime uniqueElementName="dateTime">2025-11-24T11:57:39.00+01:00</dateTime><description><string language="es">Fecha de creación de los metadatos</string></description></date></contribute><metadataSchema>LOM-ESv1.0</metadataSchema><language>es</language></metaMetadata><technical uniqueElementName="technical"><otherPlatformRequirements><string language="es">editor: eXe Learning</string></otherPlatformRequirements></technical><educational><learningResourceType><source uniqueElementName="source">LOM-ESv1.0</source><value uniqueElementName="value">guided reading</value></learningResourceType><intendedEndUserRole><source uniqueElementName="source">LOM-ESv1.0</source><value uniqueElementName="value">learner</value></intendedEndUserRole><context><source uniqueElementName="source">LOM-ESv1.0</source><value uniqueElementName="value">classroom</value></context><language>es</language></educational><rights uniqueElementName="rights"><copyrightAndOtherRestrictions uniqueElementName="copyrightAndOtherRestrictions"><source uniqueElementName="source">LOM-ESv1.0</source><value uniqueElementName="value">creative commons: attribution - non derived work - non commercial</value></copyrightAndOtherRestrictions><access uniqueElementName="access"><accessType uniqueElementName="accessType"><source uniqueElementName="source">LOM-ESv1.0</source><value uniqueElementName="value">universal</value></accessType><description><string language="en">Default</string></description></access></rights></lom>