<?xml version="1.0" encoding="UTF-8"?>
<!-- Generated by eXe - http://exelearning.net -->
<manifest identifier="eXeANA_ISABEL65f9720e291226bd3f1" xmlns="http://www.imsproject.org/xsd/imscp_rootv1p1p2" xmlns:adlcp="http://www.adlnet.org/xsd/adlcp_rootv1p2" xmlns:imsmd="http://www.imsglobal.org/xsd/imsmd_v1p2" xmlns:xsi="http://www.w3.org/2001/XMLSchema-instance" xsi:schemaLocation="http://www.imsproject.org/xsd/imscp_rootv1p1p2 imscp_rootv1p1p2.xsd http://www.imsglobal.org/xsd/imsmd_rootv1p2p1 imsmd_rootv1p2p1.xsd http://www.adlnet.org/xsd/adlcp_rootv1p2 adlcp_rootv1p2.xsd" > 
<metadata> 
 <schema>ADL SCORM</schema> 
 <schemaversion>1.2</schemaversion> 
 <adlcp:location>imslrm.xml</adlcp:location> 
</metadata> 
<organizations default="eXeANA_ISABEL65f9720e291226bd3f2">  
    <organization identifier="eXeANA_ISABEL65f9720e291226bd3f2" structure="hierarchical">
        <title>REA: PRODUCCIÓN y RENTA</title>
<item identifier="ITEM-eXeANA_ISABEL65f9720e291226bd3f3" isvisible="true" identifierref="RES-eXeANA_ISABEL65f9720e291226bd3f4">
    <title>PRODUCCIÓN y RENTA</title>
<item identifier="ITEM-eXeANA_ISABEL65f9720e291226bd405" isvisible="true" identifierref="RES-eXeANA_ISABEL65f9720e291226bd406">
    <title>1. Frontera de Posibilidades de Producción (FPP)</title>
<item identifier="ITEM-eXeANA_ISABEL65f9720e291226bd407" isvisible="true" identifierref="RES-eXeANA_ISABEL65f9720e291226bd408">
    <title>1.1 Crecimiento Económico</title>
</item>
</item>
<item identifier="ITEM-eXeANA_ISABEL65f9720e291226bd409" isvisible="true" identifierref="RES-eXeANA_ISABEL65f9720e291226bd40a">
    <title>2. Flujo Circular de la Renta</title>
</item>
<item identifier="ITEM-eXeANA_ISABEL65f9720e291226bd41b" isvisible="true" identifierref="RES-eXeANA_ISABEL65f9720e291226bd41c">
    <title>3. Reparto Desigual de la Renta</title>
<item identifier="ITEM-eXeANA_ISABEL65f9720e291226bd41d" isvisible="true" identifierref="RES-eXeANA_ISABEL65f9720e291226bd41e">
    <title>3.1 Igualdad vs. Equidad</title>
</item>
</item>
<item identifier="ITEM-eXeANA_ISABEL65f9720e291226bd41f" isvisible="true" identifierref="RES-eXeANA_ISABEL65f9720e291226bd4110">
    <title>4. Comercio y Desigualdades</title>
</item>
<item identifier="ITEM-eXeANA_ISABEL65f9720e291226bd4111" isvisible="true" identifierref="RES-eXeANA_ISABEL65f9720e291226bd4112">
    <title>Autoría y Licencia</title>
</item>
</item>
  </organization>
</organizations>
<resources>
  <resource identifier="RES-eXeANA_ISABEL65f9720e291226bd3f4" type="webcontent" adlcp:scormtype="sco" href="index.html"> 
    <file href="index.html"/> 
    <file href="exe_html5.js"/>
    <dependency identifierref="COMMON_FILES"/>
  </resource>
  <resource identifier="RES-eXeANA_ISABEL65f9720e291226bd406" type="webcontent" adlcp:scormtype="sco" href="1_frontera_de_posibilidades_de_produccin_fpp.html"> 
    <file href="1_frontera_de_posibilidades_de_produccin_fpp.html"/> 
    <file href="exe_html5.js"/>
    <file href="FPP_CREA.pdf"/>
    <file href="stock-stop.png"/>
    <file href="panel-amusements.png"/>
    <file href="common.js"/>
    <file href="exe_lightbox.css"/>
    <file href="exe_lightbox_default_thumb.png"/>
    <file href="exe_lightbox_loader.gif"/>
    <file href="exe_lightbox_sprite.png"/>
    <file href="exe_lightbox_sprite_x.png"/>
    <file href="exe_lightbox_sprite_y.png"/>
    <file href="exe_lightbox_sprite_prev.png"/>
    <file href="exe_lightbox_sprite_next.png"/>
    <file href="exe_lightbox.js"/>
    <dependency identifierref="COMMON_FILES"/>
  </resource>
  <resource identifier="RES-eXeANA_ISABEL65f9720e291226bd408" type="webcontent" adlcp:scormtype="sco" href="11_crecimiento_econmico.html"> 
    <file href="11_crecimiento_econmico.html"/> 
    <file href="exe_html5.js"/>
    <file href="exe_lightbox.css"/>
    <file href="exe_lightbox_default_thumb.png"/>
    <file href="exe_lightbox_loader.gif"/>
    <file href="exe_lightbox_sprite.png"/>
    <file href="exe_lightbox_sprite_x.png"/>
    <file href="exe_lightbox_sprite_y.png"/>
    <file href="exe_lightbox_sprite_prev.png"/>
    <file href="exe_lightbox_sprite_next.png"/>
    <file href="exe_lightbox.js"/>
    <dependency identifierref="COMMON_FILES"/>
  </resource>
  <resource identifier="RES-eXeANA_ISABEL65f9720e291226bd40a" type="webcontent" adlcp:scormtype="sco" href="2_flujo_circular_de_la_renta.html"> 
    <file href="2_flujo_circular_de_la_renta.html"/> 
    <file href="exe_html5.js"/>
    <file href="CREA_FCR.pdf"/>
    <dependency identifierref="COMMON_FILES"/>
  </resource>
  <resource identifier="RES-eXeANA_ISABEL65f9720e291226bd41c" type="webcontent" adlcp:scormtype="sco" href="3_reparto_desigual_de_la_renta.html"> 
    <file href="3_reparto_desigual_de_la_renta.html"/> 
    <file href="exe_html5.js"/>
    <file href="exe_lightbox.css"/>
    <file href="exe_lightbox_default_thumb.png"/>
    <file href="exe_lightbox_loader.gif"/>
    <file href="exe_lightbox_sprite.png"/>
    <file href="exe_lightbox_sprite_x.png"/>
    <file href="exe_lightbox_sprite_y.png"/>
    <file href="exe_lightbox_sprite_prev.png"/>
    <file href="exe_lightbox_sprite_next.png"/>
    <file href="exe_lightbox.js"/>
    <file href="udl-character-1.gif"/>
    <file href="udl-character-2.gif"/>
    <file href="udl-character-3.gif"/>
    <file href="udl-character-4.gif"/>
    <file href="udl-content.css"/>
    <file href="udl-content.js"/>
    <file href="udl-icons-sm.png"/>
    <file href="udl-icons.png"/>
    <dependency identifierref="COMMON_FILES"/>
  </resource>
  <resource identifier="RES-eXeANA_ISABEL65f9720e291226bd41e" type="webcontent" adlcp:scormtype="sco" href="31_igualdad_vs_equidad.html"> 
    <file href="31_igualdad_vs_equidad.html"/> 
    <file href="exe_html5.js"/>
    <file href="CREA_IGUALDAD.pdf"/>
    <dependency identifierref="COMMON_FILES"/>
  </resource>
  <resource identifier="RES-eXeANA_ISABEL65f9720e291226bd4110" type="webcontent" adlcp:scormtype="sco" href="4_comercio_y_desigualdades.html"> 
    <file href="4_comercio_y_desigualdades.html"/> 
    <file href="exe_html5.js"/>
    <file href="udl-character-1.gif"/>
    <file href="udl-character-2.gif"/>
    <file href="udl-character-3.gif"/>
    <file href="udl-character-4.gif"/>
    <file href="udl-content.css"/>
    <file href="udl-content.js"/>
    <file href="udl-icons-sm.png"/>
    <file href="udl-icons.png"/>
    <dependency identifierref="COMMON_FILES"/>
  </resource>
  <resource identifier="RES-eXeANA_ISABEL65f9720e291226bd4112" type="webcontent" adlcp:scormtype="sco" href="autora_y_licencia.html"> 
    <file href="autora_y_licencia.html"/> 
    <file href="exe_html5.js"/>
    <dependency identifierref="COMMON_FILES"/>
  </resource>
  <resource identifier="COMMON_FILES" type="webcontent" adlcp:scormtype="asset">
    <file href="icon_award.png"/>
    <file href="_intef_menu.gif"/>
    <file href="icon_puzzle.png"/>
    <file href="icon_edia.png"/>
    <file href="_intef_print.png"/>
    <file href="content.css"/>
    <file href="icon_stars.png"/>
    <file href="_intef_icons.png"/>
    <file href="_intef_licenses.gif"/>
    <file href="icon_write.png"/>
    <file href="icon_exe.png"/>
    <file href="icon_presentation.png"/>
    <file href="icon_telescope.png"/>
    <file href="EncodeSans-Light_vietnamese.woff2"/>
    <file href="icon_think.png"/>
    <file href="icon_knowledge.png"/>
    <file href="icon_share.png"/>
    <file href="icon_microphone.png"/>
    <file href="icon_atom.png"/>
    <file href="nav.css"/>
    <file href="icon_tree.png"/>
    <file href="icon_beach.png"/>
    <file href="icon_network.png"/>
    <file href="config.xml"/>
    <file href="icon_compass.png"/>
    <file href="icon_classroom.png"/>
    <file href="icon_free_license.png"/>
    <file href="_intef_js.js"/>
    <file href="_intef_header.png"/>
    <file href="_intef_footer.png"/>
    <file href="icon_etwinning.png"/>
    <file href="icon_footprints.png"/>
    <file href="EncodeSans-Light_latin.woff2"/>
    <file href="icon_bulb.png"/>
    <file href="icon_list.png"/>
    <file href="icon_camera.png"/>
    <file href="_intef_title_bg.png"/>
    <file href="icon_teacher_screen.png"/>
    <file href="icon_plus.png"/>
    <file href="EncodeSans-Light_latin-ext.woff2"/>
    <file href="_intef_bg.png"/>
    <file href="_intef_left_column.gif"/>
    <file href="icon_gears.png"/>
    <file href="icon_talk.png"/>
    <file href="base.css"/>
    <file href="popup_bg.gif"/>
    <file href="exe_powered_logo.png"/>
    <file href="SCORM_API_wrapper.js"/>
    <file href="SCOFunctions.js"/>
    <file href="common.js"/>
    <file href="common_i18n.js"/>
    <file href="exe_jquery.js"/>
    <file href="content.xsd"/>
    <file href="content.data"/>
    <file href="contentv3.xml"/>
    <file href="imslrm.xml"/>
  </resource>
</resources>
</manifest>
